parcel_id,true_class,predicted_class,confidence,prob_class_0,prob_class_1,prob_class_2,prob_class_3,prob_class_4,prob_class_5,prob_class_6,prob_class_7,prob_class_8,prob_class_9
1,2,1,0.8893762826919556,0.8893763,0.0140161915,0.025977444,2.4274155e-05,0.0016369844,0.029516578,0.000101405414,0.0004281145,0.00036586824,0.038556755
10,2,1,0.6838769912719727,0.683877,0.27392069,0.0011782547,0.00014607528,0.009549363,0.018331816,0.004846325,0.0042487253,0.0009050877,0.0029966973
11,2,2,0.9074440598487854,0.02023985,0.90744406,0.008812078,2.3160936e-05,0.0064907107,0.05275532,0.0014453564,0.00062335096,0.0011050972,0.0010609474
116,3,8,0.6468513011932373,0.0011583244,0.0017151232,0.05965615,0.01626253,0.23194495,0.005987105,0.019934129,0.6468513,0.0071428316,0.009347575
12,2,1,0.941853404045105,0.9418534,0.0018784917,0.0021876255,0.0007403934,0.042687334,0.0012871115,0.001203443,0.0022245436,0.0034988641,0.0024387997
128,2,2,0.6291151642799377,0.019215604,0.62911516,0.07210468,0.0024156373,0.02116577,0.050300818,0.023175275,0.11127127,0.024923287,0.046312444
13,2,6,0.6547682881355286,0.03973578,0.0836677,0.1600581,0.00047518272,0.00353289,0.6547683,0.013724918,0.004396162,0.0023173955,0.0373236
131,3,6,0.32975244522094727,0.025474986,0.12890717,0.08666941,0.1146746,0.06372391,0.32975245,0.13131711,0.027377982,0.01516156,0.076940805
135,2,3,0.4807761311531067,0.0004996099,0.012288069,0.48077613,2.3438753e-05,0.0964954,0.38886863,0.0010786882,0.008047174,0.010704836,0.0012179188
138,2,5,0.8482773303985596,0.005905608,0.0023976567,0.07256313,0.00042346105,0.84827733,0.021804176,0.0018746099,0.0010898663,0.044804312,0.00085972034
141,2,10,0.4502968192100525,0.049908977,0.28247115,0.10185656,0.0009254212,0.0006526843,0.0921507,0.019307872,0.001977503,0.00045231316,0.45029682
142,2,2,0.8238784670829773,0.00078679866,0.82387847,0.01877399,6.9586175e-05,0.0003938361,0.14745075,0.00064264116,0.0007553382,0.0002887871,0.006959759
143,2,5,0.9580610394477844,0.0028087473,0.0010759453,0.008368539,0.0011306542,0.95806104,0.004555472,0.0037741098,0.005328567,0.0139623955,0.00093455013
144,2,2,0.5064201354980469,0.10743195,0.50642014,0.031424046,0.00039607522,0.25816312,0.02214126,0.0030120986,0.010645013,0.057439506,0.0029267783
145,2,6,0.849099338054657,0.0021833954,0.14181882,0.0040193847,3.1211213e-05,0.00034261623,0.84909934,0.00041177653,0.0005465463,0.00028771773,0.0012592907
146,2,2,0.7094157934188843,0.07739832,0.7094158,0.027412679,0.0005603937,0.011515075,0.11770383,0.011878518,0.0073269694,0.0101790605,0.026609246
147,2,2,0.7672862410545349,0.002600769,0.76728624,0.021163985,4.095997e-06,0.00072502275,0.20594674,0.00014019135,0.00014615458,8.294973e-05,0.0019037498
148,2,3,0.710742712020874,0.0015482191,0.09502069,0.7107427,3.596466e-05,0.001347704,0.028015504,0.00031079614,0.0003657653,0.00015724754,0.16245534
150,2,6,0.5077198147773743,0.015368756,0.05908702,0.03935944,0.0016074151,0.2597982,0.5077198,0.0092514735,0.09073284,0.012578585,0.004496387
153,2,2,0.7851454019546509,0.11416033,0.7851454,0.0056133163,7.8713765e-06,0.015472546,0.07687388,0.00072086824,0.00076306553,0.0006149704,0.0006277114
154,6,6,0.5091551542282104,0.0006920023,0.024711724,0.46245664,6.808551e-07,0.0005192149,0.50915515,0.00010435205,8.929646e-05,0.00011378574,0.0021571561
155,6,6,0.9574044346809387,0.01357248,0.0022736618,0.006953783,0.00065617793,0.010014345,0.95740443,0.006015103,0.0017140204,0.00019150689,0.0012045313
158,6,6,0.5434048771858215,0.12835498,0.2499595,0.06289845,3.7191044e-06,0.0114478925,0.5434049,0.0003122725,0.00032565632,0.0007076694,0.0025849775
162,3,6,0.5024824142456055,0.00593111,0.14397751,0.1404023,0.0029968861,0.0050253435,0.5024824,0.015589926,0.013442632,0.004032509,0.16611938
163,2,2,0.601864218711853,0.12578322,0.6018642,0.042630173,0.00039036313,0.0010437543,0.05424977,0.0065035033,0.0017883781,0.0008429745,0.16490354
165,3,6,0.9054879546165466,0.052803222,0.03464178,0.0026908382,3.074372e-05,0.0023799448,0.90548795,0.0007480377,0.0006693776,0.00023486075,0.00031330285
167,2,1,0.9787944555282593,0.97879446,0.0022868116,0.00058265583,0.00019219192,0.009244182,0.004612518,0.0009874373,0.0016411555,0.00075354864,0.0009050223
171,2,2,0.6618523597717285,0.24665017,0.66185236,0.002855319,5.7759058e-05,0.009681156,0.071281426,0.0035744202,0.0023245036,0.0008059621,0.00091687014
173,2,1,0.9578254222869873,0.9578254,0.007049117,0.001128572,0.00028302637,0.005804847,0.0013278439,0.00022536617,0.0039513805,0.0009949536,0.021409377
188,2,2,0.8919605612754822,0.00522688,0.89196056,0.0030480125,4.1387077e-05,0.00048081443,0.09648795,0.00096324936,0.0004755791,0.00014526283,0.0011702252
19,5,5,0.9775691628456116,0.0006763759,0.00011284009,0.0030316475,0.00032745601,0.97756916,0.0002506176,0.0015960957,0.012910984,0.0034032217,0.000121675395
190,2,2,0.9089158773422241,0.03471845,0.9089159,0.0024064793,0.00021135263,0.0016147557,0.0350297,0.009326547,0.002938411,0.0013244563,0.0035139208
191,2,2,0.6923853158950806,0.08802429,0.6923853,0.02979233,0.0021514448,0.003210615,0.09232202,0.05757388,0.007841086,0.002386484,0.024312658
192,2,2,0.6331090927124023,0.004995835,0.6331091,0.06726402,3.876314e-06,0.0062222756,0.2848019,0.0003348096,0.000909007,0.00086880894,0.0014904336
196,2,2,0.8898465037345886,0.047659427,0.8898465,0.015035511,1.2349634e-05,0.028021673,0.014185283,0.0007628588,0.0016126465,0.0007548029,0.0021090463
2,2,1,0.9429771900177002,0.9429772,0.031425197,0.0022996145,5.850629e-05,0.0021902649,0.006320705,0.00048270365,0.0014942328,0.0005959804,0.012155606
201,2,1,0.51329505443573,0.51329505,0.11693882,0.0017066826,1.2895371e-05,0.00060995825,0.3654626,0.00085549045,0.00044858063,9.369497e-05,0.00057617243
205,2,5,0.9534329175949097,0.00042899998,0.00045448617,0.029105444,0.00013159342,0.9534329,0.00539601,0.0009335742,0.001366706,0.008634281,0.0001159671
207,2,2,0.8139852285385132,0.013515495,0.8139852,0.047487013,0.00032180353,0.0013107271,0.019259019,0.0010744415,0.0012607332,0.00056037103,0.101225175
208,2,2,0.9553607106208801,0.0063371654,0.9553607,0.0012975617,9.792571e-06,0.0008270295,0.03461337,0.00037223677,0.00018166387,0.00013403974,0.0008664137
209,2,2,0.8195322751998901,0.010114893,0.8195323,0.0061198496,0.00065480155,0.025359612,0.0765797,0.005156771,0.033042036,0.021596817,0.0018432011
21,5,5,0.4053603410720825,0.019842442,0.00056097633,0.05067403,0.00063059793,0.40536034,0.14899102,0.3428971,0.019943988,0.009234294,0.0018652433
210,2,9,0.8861435651779175,0.0056545706,0.04189474,0.028042363,0.007212376,0.016361061,0.0023213073,0.0009747099,0.0054023303,0.88614357,0.005993008
211,2,2,0.8703237175941467,0.01505619,0.8703237,0.037160244,0.000105760155,0.00091913226,0.029570572,0.0064301803,0.0009886684,0.00039741557,0.039048187
212,2,2,0.8371507525444031,0.011986851,0.83715075,0.007320947,0.0010260629,0.009362642,0.06449763,0.0035846257,0.023427432,0.035516914,0.006126063
214,2,1,0.9805102944374084,0.9805103,0.00057346374,0.00069360895,0.0002597158,0.0035373634,0.00029394764,0.0005291088,0.0061119255,0.0010410183,0.0064495816
215,2,8,0.6518033742904663,0.0013651716,0.012703393,0.03706117,0.002621321,0.041745827,0.14981115,0.065636225,0.6518034,0.03504443,0.0022079567
216,2,2,0.93836909532547,0.023449251,0.9383691,0.0031814245,6.158442e-05,0.008666945,0.01694886,0.0018328055,0.0016984418,0.0021988412,0.0035927084
218,2,1,0.7589710354804993,0.75897104,0.14398736,0.01962811,1.2214418e-05,0.008195363,0.059526004,0.00069889915,0.0009187829,0.0012770814,0.006785087
220,2,2,0.5323048233985901,0.0012465654,0.5323048,0.03370016,9.1366775e-05,0.00010029883,0.41230258,0.00069598155,0.00018874597,9.686047e-05,0.019272557
221,2,5,0.948621392250061,0.010620717,0.0028373424,0.01113411,7.996317e-05,0.9486214,0.020777836,0.0013373157,0.0018869833,0.002471459,0.00023297491
224,2,3,0.700412392616272,0.000490772,0.041788764,0.7004124,0.00016738157,0.034508776,0.20606688,0.0012628353,0.0014416492,0.0010231903,0.012837407
225,2,2,0.7888079881668091,0.00402663,0.788808,0.016574288,0.00032115955,0.00028627898,0.17482136,0.0038163255,0.00053585455,0.00021911017,0.010591062
226,2,1,0.913255512714386,0.9132555,0.048503187,0.0060953703,3.3450906e-05,0.0025735588,0.013769928,0.00050717813,0.0011585682,0.0005033642,0.013599851
227,2,2,0.4368125796318054,0.23145992,0.43681258,0.0016149231,5.482805e-06,0.0020613335,0.326642,0.0006013922,0.0003283933,0.00012349503,0.0003504113
228,2,1,0.3592652678489685,0.35926527,0.02710912,0.041707624,0.06452676,0.3245315,0.02253865,0.028716397,0.017649597,0.028149681,0.08580549
230,2,1,0.957062304019928,0.9570623,0.0040640575,0.0015918433,0.00021196752,0.02465159,0.0042913505,0.0012866447,0.0032440466,0.0017792216,0.0018171058
231,2,2,0.9584334492683411,0.0089860335,0.95843345,0.0018740748,2.1132095e-05,0.0027385605,0.023618767,0.0010458523,0.0008189843,0.0016277183,0.0008354029
232,2,3,0.8740254044532776,0.00020266713,0.07922276,0.8740254,6.5129657e-06,0.011101308,0.026834084,0.00021273937,0.0018837285,0.0031302571,0.0033805377
235,2,6,0.7546334862709045,0.08711058,0.1251303,0.010629637,4.6696173e-06,0.020620225,0.7546335,0.00027227405,0.0006078782,0.00050673453,0.00048419044
236,2,1,0.8316199779510498,0.83162,0.0065700025,0.0031436817,0.00013475769,0.14399585,0.0053698183,0.00266548,0.0032618518,0.002379764,0.00085873425
237,2,1,0.4172359108924866,0.4172359,0.2545281,0.041304693,0.0013199578,0.0029556672,0.017046226,0.00598483,0.008340043,0.0015196142,0.24976493
238,2,1,0.5346480011940002,0.534648,0.03275204,0.001721122,0.011709456,0.018270152,0.07547247,0.0885689,0.21663505,0.005665075,0.014557785
239,2,5,0.3890237510204315,0.0002727312,0.00754685,0.2119632,0.00095554546,0.38902375,0.027788734,0.015698258,0.30951357,0.0358486,0.0013887256
240,2,2,0.6277578473091125,0.00079195254,0.62775785,0.049092926,3.888688e-05,0.00251766,0.31235212,0.0003980323,0.0024533533,0.00060978817,0.003987388
241,2,6,0.6109919548034668,0.025699776,0.35628465,0.0022130064,3.4871216e-05,0.0015611846,0.61099195,0.00047102282,0.0011218212,0.00030742137,0.0013142363
242,2,1,0.853668212890625,0.8536682,0.05225139,0.012087924,2.4067645e-06,0.009448088,0.069685504,0.00019719664,0.00045391076,0.00025523984,0.0019499833
245,2,1,0.6338338851928711,0.6338339,0.0759925,0.015264743,0.001104577,0.0035949,0.18250404,0.038073614,0.012968833,0.0017934816,0.034869418
249,2,1,0.46182873845100403,0.46182874,0.41907346,0.01123283,0.0011413405,0.011152815,0.017758284,0.0043977825,0.010612988,0.008720946,0.05408083
250,2,2,0.4546438455581665,0.07388558,0.45464385,0.018101277,2.0468493e-05,0.09403497,0.35016128,0.0005819912,0.005156277,0.0017719598,0.0016422933
251,2,1,0.9476237297058105,0.9476237,0.0021172955,0.00064192235,0.00027112057,0.03654233,0.00067476433,0.0013763729,0.0064907763,0.0021578944,0.002103834
252,2,1,0.9697973132133484,0.9697973,0.00802387,0.0002983806,0.00012381675,0.0037545895,0.003055435,0.0061206417,0.0066716624,0.00087293907,0.0012813446
253,2,2,0.8591635823249817,0.07406188,0.8591636,0.002241668,3.0891533e-05,0.00061032793,0.05771758,0.0031179131,0.00080255134,0.00018195188,0.0020715517
254,2,1,0.7563663721084595,0.7563664,0.13553391,0.0010066031,0.0003245838,0.010660897,0.031708524,0.047991578,0.011997959,0.003386157,0.0010233396
255,2,2,0.5990807414054871,0.10261002,0.59908074,0.015026598,0.0007248645,0.07279778,0.15562801,0.016940655,0.020017704,0.009526825,0.0076467805
256,2,1,0.918892502784729,0.9188925,0.015336125,0.0030841317,9.623607e-06,0.02093418,0.039437782,0.0003159128,0.0008415107,0.0003917593,0.000756606
257,2,1,0.5279440879821777,0.5279441,0.0046599563,0.0061479467,0.026697338,0.17287402,0.0016290747,0.0013289414,0.101852454,0.10029702,0.056569155
258,2,1,0.9515717029571533,0.9515717,0.0078049824,0.0030069686,5.0679482e-05,0.02373872,0.0025923692,0.0005508894,0.0043442985,0.00069708785,0.0056424313
259,2,5,0.5653489828109741,0.3602813,0.019925497,0.0115516605,0.00032476,0.565349,0.011966187,0.0024926139,0.006490897,0.019134227,0.0024840399
261,2,1,0.9769559502601624,0.97695595,0.0016060143,0.00073751033,0.000401806,0.012091905,0.0007483915,0.0005091246,0.0024672437,0.0019242972,0.0025575783
263,2,5,0.7545210123062134,0.078353964,0.004930496,0.023740591,0.00044679487,0.754521,0.0906032,0.014641236,0.024404738,0.007586344,0.0007715176
265,2,5,0.4881184697151184,0.20189777,0.042930856,0.01997632,0.0012662815,0.48811847,0.04475797,0.11130698,0.050376866,0.036498375,0.002870075
267,2,2,0.5848242044448853,0.25624165,0.5848242,0.02115513,0.00057575235,0.029532807,0.019499885,0.0023009337,0.009160215,0.006809566,0.06989992
268,2,1,0.9239518642425537,0.92395186,0.019780142,0.0013238817,1.4286656e-05,0.043147363,0.00803377,0.0003399737,0.0020517258,0.0004759926,0.0008808312
270,2,2,0.6851328611373901,0.22934873,0.68513286,0.002239906,0.00023847858,0.011706433,0.036791813,0.0053477,0.00836803,0.017045816,0.003780168
271,2,2,0.9255601763725281,0.0098489905,0.9255602,0.027875813,9.662665e-06,0.014543667,0.012948809,0.0005939811,0.0012987544,0.0015254602,0.005794681
272,2,1,0.9012006521224976,0.90120065,0.0036618544,0.00094921415,0.0002867986,0.08095532,0.0014401783,0.0018793948,0.0041181035,0.0037023874,0.0018060757
273,2,1,0.6776784062385559,0.6776784,0.049755584,0.0010922102,0.0006890227,0.2216673,0.015661223,0.010195214,0.013101193,0.008833266,0.0013265723
274,2,2,0.5387877225875854,0.006287525,0.5387877,0.013322473,2.0378508e-05,0.010912964,0.4255878,0.0005714612,0.0018256326,0.0015024414,0.0011816558
28,3,3,0.9531404376029968,3.853522e-05,0.0112806745,0.95314044,4.482794e-06,0.01053034,0.019688336,0.00013282847,0.0018061612,0.0018112152,0.0015670039
282,2,7,0.4670281708240509,0.3736104,0.008119604,0.0024073562,0.0010379269,0.010123003,0.006473892,0.46702817,0.12457129,0.0047560767,0.0018722103
283,2,5,0.7466534972190857,0.08494758,0.004584644,0.009932842,0.0017488488,0.7466535,0.027674614,0.040034115,0.059527867,0.023001725,0.001894235
284,2,1,0.9432207345962524,0.94322073,0.016013196,0.007042585,8.14007e-05,0.010021232,0.0035214855,0.0007889732,0.0034737508,0.0014845051,0.014351973
285,2,1,0.5692448019981384,0.5692448,0.0037318242,0.005792,0.0006215485,0.39379635,0.0011635091,0.0025971734,0.013074509,0.007550673,0.002427569
286,2,5,0.6752893328666687,0.26082274,0.008664971,0.03284053,0.00019490153,0.67528933,0.0025423334,0.0026707621,0.006268465,0.006752435,0.0039536427
289,2,1,0.9734512567520142,0.97345126,0.0014723843,0.0028390833,0.00043166388,0.0071847644,0.0007125504,0.0002630347,0.002707521,0.002800007,0.008137768
29,3,10,0.9334285855293274,0.0069060377,0.011564604,0.03721495,0.00091036723,5.430183e-05,0.008960187,0.0006330456,0.0002987424,2.920914e-05,0.9334286
290,3,10,0.7858054637908936,0.03889088,0.030712964,0.07739658,0.014853873,0.006150016,0.01910664,0.0012410976,0.006032045,0.019810395,0.78580546
293,2,10,0.5373653769493103,0.11291468,0.27464443,0.040588044,0.001116316,0.0030015367,0.021373736,0.0010363299,0.006545454,0.0014140555,0.5373654
294,2,1,0.6374627351760864,0.63746274,0.19638665,0.015287261,0.0017875636,0.03637108,0.019200249,0.037725274,0.019021522,0.014644959,0.022112813
295,2,3,0.759067177772522,0.00060157286,0.058316678,0.7590672,1.7503036e-05,0.016730202,0.15391038,0.00027720473,0.0003634863,0.0004266193,0.010289167
297,2,1,0.9315870404243469,0.93158704,0.017489163,0.00414576,3.9644374e-06,0.0031495292,0.040234122,0.00017917823,0.00038389504,0.00021061336,0.002616726
298,2,1,0.8304353952407837,0.8304354,0.07311336,0.015915068,5.2167597e-06,0.004170251,0.06892193,0.00027824283,0.00052492484,0.000349154,0.006286361
299,6,3,0.467602014541626,0.012408997,0.19032957,0.467602,6.8168236e-05,0.0017631083,0.114933364,0.00069035194,0.0016976446,0.0007843569,0.20972244
300,2,1,0.887679934501648,0.88767993,0.016737051,0.009650678,9.978825e-05,0.00094710774,0.010003008,0.00027957256,0.0014033051,0.00047660395,0.07272301
301,3,1,0.6736946702003479,0.6736947,0.046484932,0.07997474,5.7208334e-05,0.0012012277,0.020393087,0.00019941619,0.00060965214,0.00028493165,0.17710021
303,3,10,0.46956583857536316,0.13955179,0.03469306,0.34019682,6.1003346e-05,0.0017525705,0.01276607,0.0003811395,0.00073830073,0.00029345398,0.46956584
304,2,1,0.9149225354194641,0.91492254,0.023386678,0.011989405,1.7529408e-05,0.012515112,0.029181544,0.0003758164,0.0011262505,0.00060043205,0.005884771
305,2,6,0.8791954517364502,0.0028630344,0.10642152,0.005462371,0.00012906424,0.0005544407,0.87919545,0.0009570312,0.0015039768,0.0006881109,0.0022250856
306,2,10,0.6810101270675659,0.055781573,0.050016884,0.12534998,0.020323955,0.025072739,0.02613255,0.0034576943,0.009689879,0.0031645712,0.6810101
307,2,3,0.6361400485038757,0.005063361,0.035939924,0.63614005,6.550988e-05,0.00051957555,0.04830845,0.00039382715,0.000307593,0.00020082053,0.27306092
308,2,6,0.6281646490097046,0.00062013883,0.12103093,0.22874776,6.0621045e-05,0.0029548341,0.62816465,0.00086619897,0.0040263366,0.002511354,0.011017212
309,2,1,0.5078959465026855,0.50789595,0.17210385,0.17461497,1.4503648e-05,0.014229297,0.084187634,0.00040698686,0.00065149507,0.00053341064,0.045361824
31,2,8,0.5738340616226196,0.0063734837,0.01960461,0.0066195833,0.016318008,0.007202675,0.343139,0.012769324,0.57383406,0.009245984,0.0048933392
311,2,1,0.5790150761604309,0.5790151,0.040553633,0.14199416,0.00019655695,0.02282173,0.008239719,0.001098117,0.0078952005,0.0017692625,0.19641653
314,3,2,0.5280696749687195,0.003642692,0.5280697,0.023861881,0.00060866954,0.00015001112,0.3612915,0.00082759955,0.00074740546,0.00015591267,0.08064461
315,2,6,0.8303418159484863,0.009490418,0.020244341,0.0942451,2.2855858e-05,0.04169805,0.8303418,0.0006261538,0.0009010305,0.0016129441,0.00081718125
316,2,5,0.4926580488681793,0.19991407,0.007733477,0.030515015,8.39641e-05,0.49265805,0.2608508,0.002064355,0.001867863,0.0033557962,0.0009567349
319,2,1,0.7586663365364075,0.75866634,0.048845068,0.0141776055,0.001966781,0.035962842,0.008111254,0.0010869143,0.009557872,0.0064631905,0.11516205
321,3,6,0.8552071452140808,0.072306745,0.01604285,0.042584106,3.850524e-05,0.004707456,0.85520715,0.0009738093,0.0006049847,0.00033718586,0.007197289
322,2,5,0.7093555331230164,9.059108e-05,0.0025040936,0.19348988,3.79307e-05,0.70935553,0.0019729796,0.00078963913,0.06009372,0.031579353,8.627526e-05
324,2,3,0.5278964638710022,0.0022412415,0.015437237,0.52789646,0.00012405477,0.2679646,0.17088468,0.0021775893,0.0009646412,0.0025974186,0.0097120805
326,2,6,0.40139108896255493,0.09169118,0.2216568,0.2571788,4.50956e-06,0.01246664,0.4013911,0.0002485153,0.00083394645,0.00074319553,0.013785317
329,3,3,0.8784036040306091,0.0004865783,0.0039962325,0.8784036,0.00018727286,0.09105629,0.006929338,0.00023980928,0.0001794546,0.017077826,0.0014437215
340,6,5,0.9482051730155945,0.0004140389,0.00024300245,0.018179338,0.01319586,0.9482052,0.0006560397,0.0031678702,0.0022869543,0.013125444,0.0005262283
346,3,3,0.9576603770256042,0.0001317563,0.010077757,0.9576604,1.4583021e-06,0.002387304,0.026080282,3.669146e-05,5.3884574e-05,0.00029050632,0.0032798303
347,3,3,0.983272910118103,6.261607e-05,0.005158094,0.9832729,3.6693546e-05,0.0016710233,0.004135,0.00020552076,8.470797e-05,0.00027506385,0.00509828
352,2,3,0.5323480367660522,0.0014795774,0.06395283,0.53234804,5.8295725e-05,0.00042334083,0.007047991,0.00018090331,0.00044357657,3.4874596e-05,0.39403045
354,6,3,0.652194082736969,0.00013456326,0.0052889576,0.6521941,0.00031101544,0.21411236,0.0012880424,0.0002877881,0.0007590267,0.124956965,0.00066716934
355,2,5,0.9786061644554138,0.0005211873,0.00020452855,0.0076973075,0.004614083,0.97860616,0.0019566112,0.0019877343,0.0005983939,0.003279671,0.00053442665
356,3,3,0.80487060546875,0.00027946866,0.02833747,0.8048706,3.6963147e-06,6.660036e-05,0.026238324,3.91168e-05,2.1791324e-05,6.697612e-06,0.14013614
368,3,3,0.9525970816612244,0.00010784696,0.009199927,0.9525971,3.1091335e-07,0.00019217111,0.02758127,1.2264543e-05,1.1433981e-05,1.1871581e-05,0.01028562
372,3,3,0.848594069480896,0.0015212174,0.021063844,0.84859407,0.0007186716,0.010987217,0.018089559,0.00032046516,0.00028611848,0.002631287,0.095787525
373,3,5,0.47634488344192505,0.0012010639,0.014376881,0.19228077,0.00833882,0.47634488,0.18400621,0.018064603,0.07861124,0.016888035,0.009887515
374,2,2,0.7186069488525391,0.0005708683,0.71860695,0.04911254,2.447475e-05,0.00045526781,0.22137807,0.00037488315,0.00082301826,0.00017904514,0.0084749255
375,2,2,0.7048518061637878,0.07138098,0.7048518,0.061265178,0.0001800125,0.025691364,0.10621191,0.0066851294,0.0068478673,0.008977013,0.0079087345
376,2,2,0.8089398741722107,0.0007581074,0.8089399,0.12795575,6.2784334e-06,0.000800187,0.046471473,0.0002404917,0.00057771505,0.000119573386,0.014130527
377,3,3,0.8758305907249451,0.0003636577,0.08933825,0.8758306,1.8443541e-06,0.0036806369,0.027556354,0.00013021516,8.814438e-05,0.000874481,0.002135726
379,3,3,0.9566528797149658,0.000106885906,0.018094562,0.9566529,1.0577443e-06,0.0008860853,0.021553006,7.5974815e-05,3.8387258e-05,8.790166e-05,0.0025031937
380,2,2,0.39790841937065125,0.37602654,0.39790842,0.036733434,0.00026113456,0.006923384,0.015050957,0.0016222504,0.0046538487,0.0007270089,0.16009289
382,3,3,0.9202789068222046,0.00037985062,0.008094033,0.9202789,5.8238864e-05,0.045410693,0.011803842,0.0001886414,0.00026611632,0.01094503,0.0025745828
387,2,2,0.49493756890296936,0.36594185,0.49493757,0.0010987546,6.400424e-05,0.0004976218,0.13110523,0.0036881617,0.001232554,0.00015804489,0.0012761629
390,3,3,0.9662402272224426,0.00031019747,0.0057909037,0.9662402,7.115658e-05,0.005371619,0.009492201,0.0022579026,0.0055246125,0.004007749,0.0009334879
4,2,2,0.5196459889411926,0.016414968,0.519646,0.059603874,1.0198716e-05,0.0018586641,0.39733416,0.0008427928,0.00033508765,0.00058994244,0.0033643397
40,6,5,0.9120773673057556,0.00014589708,0.00089127076,0.036137354,2.668619e-05,0.91207737,0.0022328268,0.0006787087,0.03278439,0.014945475,8.014347e-05
404,3,1,0.31946396827697754,0.31946397,0.07281749,0.21912554,8.952421e-05,0.002790383,0.20761523,0.00072598,0.0005688929,0.00054312724,0.17625982
405,3,5,0.6629053950309753,0.17800547,0.003691227,0.005845184,0.000101016805,0.6629054,0.14292486,0.0023892305,0.0023974567,0.0010343218,0.0007057681
406,3,6,0.5999955534934998,0.20068385,0.17250872,0.021193553,1.7210424e-06,0.0039699757,0.59999555,0.00022247489,0.00017554843,0.0003205454,0.00092813047
407,3,6,0.42228206992149353,0.027605485,0.22119209,0.31396568,3.5551418e-06,0.0013182132,0.42228207,0.00018390141,0.000121214325,0.00021895058,0.013108751
408,3,3,0.3879545331001282,0.0015660712,0.08015378,0.38795453,7.449198e-05,0.0001657514,0.2152938,0.00029104136,0.0003131282,0.00013413922,0.3140533
409,3,3,0.986809492111206,5.6936708e-05,0.0021315103,0.9868095,1.3859933e-05,0.0040102066,0.0050300215,5.600621e-05,7.695371e-05,0.0012872476,0.0005276691
41,3,10,0.7517581582069397,0.00053348235,0.02796321,0.21211988,9.61715e-05,7.91239e-05,0.006970219,0.00015746716,0.0003048755,1.7386687e-05,0.75175816
410,5,5,0.9861763119697571,0.0019537827,8.729282e-05,0.0011881447,0.0014441595,0.9861763,0.0004329837,0.0042879623,0.0032970356,0.0010081902,0.00012411427
411,5,5,0.6742884516716003,0.30229622,0.0016109716,0.0035968425,0.00047301452,0.67428845,0.00079262105,0.0024041485,0.006161465,0.0058772755,0.002499068
412,5,5,0.9615573287010193,0.0077151856,7.7191406e-05,0.0006975183,0.0002713127,0.9615573,0.00050177344,0.008188181,0.015132007,0.005711209,0.00014829538
414,5,5,0.9763283133506775,0.0013340352,0.00010568027,0.002087442,0.0013090613,0.9763283,0.00038969493,0.0033177845,0.012891282,0.0020078868,0.00022884592
415,5,5,0.8239284157752991,0.0033469892,0.0002989929,0.004989366,9.3371054e-05,0.8239284,0.0003783032,0.0011137426,0.15439898,0.011001935,0.0004499672
416,5,5,0.9664691090583801,0.012173241,1.9562489e-05,0.00036464332,0.00023288403,0.9664691,0.0002890229,0.015951646,0.0028473053,0.0016009207,5.145552e-05
417,5,5,0.9016179442405701,0.064748436,0.00014426194,0.0004751677,0.0011937806,0.90161794,0.0010709699,0.02482167,0.003583947,0.0022278375,0.000116001116
424,5,4,0.6542243957519531,0.0029456608,0.00088995165,0.00976693,0.6542244,0.024635514,0.0038200421,0.28940764,0.007357923,0.0060428246,0.0009091173
425,5,5,0.697709858417511,0.09000713,0.0008466578,0.010325787,0.009023686,0.69770986,0.0019069905,0.042036787,0.1053527,0.036920186,0.0058702542
426,5,5,0.9888854026794434,0.0032564015,6.241224e-05,0.0005711103,0.0003159918,0.9888854,0.00012608715,0.00089014956,0.0014415617,0.004395557,5.529186e-05
427,5,5,0.968906581401825,0.000427504,5.5567445e-05,0.0029802895,0.015228508,0.9689066,0.00026354592,0.0055977427,0.00058569084,0.0057677557,0.00018672652
428,5,5,0.9901459813117981,0.0007239922,2.3912198e-05,0.0009157898,0.00040462648,0.990146,0.0005821639,0.005651994,0.0011074544,0.00041565145,2.853399e-05
429,5,5,0.9910390973091125,0.0048597073,2.5901463e-05,0.00028988282,7.994343e-05,0.9910391,0.0001531813,0.00072694354,0.0013941805,0.0013934833,3.7685473e-05
43,2,3,0.4211675524711609,0.011279307,0.21858275,0.42116755,0.001405563,0.0090370225,0.14330134,0.0043865554,0.004452004,0.003994404,0.18239355
432,5,5,0.888824462890625,0.043348093,9.491472e-05,0.0008048447,0.00047514265,0.88882446,0.00048248444,0.006295047,0.052927095,0.006189324,0.0005584705
433,5,5,0.9717202186584473,0.00031508482,0.00015029154,0.009078789,0.0007687771,0.9717202,0.0016895694,0.005496021,0.004060657,0.006533512,0.00018697591
435,5,5,0.982839047908783,0.00021872486,0.000116345276,0.0028670903,0.00048357606,0.98283905,0.00020893832,0.0020848024,0.0030140812,0.008123333,4.4225013e-05
436,5,7,0.6354786157608032,0.049007848,0.00016606887,0.0004262869,0.0023997445,0.01881202,0.0054120114,0.6354786,0.2867244,0.0009105888,0.000662457
438,5,5,0.4729801118373871,0.0021606418,0.00028684887,0.0073847272,0.46393138,0.4729801,0.003615507,0.031782404,0.0023652816,0.012925058,0.0025679725
439,5,5,0.4249517619609833,0.015820876,0.0005633807,0.02271798,0.3067957,0.42495176,0.0016104203,0.010309713,0.0030503438,0.2076603,0.00651956
440,5,8,0.37334349751472473,0.34830886,0.0015818115,0.014100313,0.005104251,0.06466078,0.0021595082,0.13976574,0.3733435,0.03421315,0.01676198
441,5,5,0.5395255088806152,0.11652292,0.00020362953,0.00454931,0.0017531002,0.5395255,0.0044890577,0.29418698,0.031466335,0.0063625467,0.00094067235
442,5,5,0.7279777526855469,0.025507975,0.0011533223,0.016383698,0.0003483672,0.72797775,0.0013322593,0.004392523,0.21203502,0.0059087165,0.0049603116
443,5,5,0.5707015991210938,0.01841627,7.337142e-05,0.0025551603,0.0009758037,0.5707016,0.001664746,0.028025873,0.36231312,0.013999922,0.0012740516
450,5,1,0.9112305641174316,0.91123056,0.026657265,0.0037427065,2.4097148e-05,0.009828637,0.045260694,0.00060371874,0.00080349727,0.0005252295,0.0013234973
452,5,5,0.9867169857025146,0.0020468906,1.8510038e-05,0.000899878,0.0016123402,0.986717,0.00015665483,0.0025476366,0.00027507026,0.0056494526,7.639824e-05
462,5,5,0.5340245366096497,0.006834653,0.00027561976,0.005843533,0.00035482302,0.53402454,0.0006808909,0.0027846382,0.4450034,0.003559481,0.0006384339
463,5,1,0.9503061771392822,0.9503062,0.0022517804,0.003207257,5.044915e-05,0.03128523,0.006447501,0.0032732591,0.0013985423,0.00071446534,0.0010653982
464,5,1,0.8993635773658752,0.8993636,0.0004661171,0.00093832804,0.0021880434,0.085371256,0.0006617601,0.0030406148,0.0021333254,0.004159251,0.0016777959
467,5,5,0.9528701901435852,0.0005076386,9.064255e-05,0.0058294046,0.00041325216,0.9528702,0.002398456,0.023690023,0.009895793,0.00421257,9.2128554e-05
468,5,5,0.9710818529129028,0.020267224,4.4409782e-05,0.00046873995,0.00017283905,0.97108185,0.00018164025,0.0038508456,0.0009847198,0.002869913,7.793639e-05
47,2,5,0.4916222095489502,0.0024951412,0.009484755,0.19853403,9.937322e-05,0.4916222,0.20033424,0.0027805965,0.04005129,0.05310887,0.0014894224
478,5,1,0.9211751818656921,0.9211752,0.0027913172,0.0015449092,0.00022137264,0.020263216,0.024300998,0.01921988,0.0087036295,0.0009263389,0.00085317914
491,5,5,0.8708712458610535,0.0003673802,3.7866794e-05,0.0054145427,0.00013180208,0.87087125,0.00046462563,0.011118733,0.10801608,0.0035129949,6.477581e-05
492,5,8,0.6500817537307739,0.16529159,0.0011410458,0.013161165,0.00229994,0.06954105,0.0026132776,0.05138823,0.65008175,0.00986762,0.034614306
493,5,1,0.9848940968513489,0.9848941,0.00029699926,0.00015878785,0.00014028877,0.006129397,0.00012975035,6.6546505e-05,0.004553016,0.00042733276,0.0032036682
494,5,5,0.4840460419654846,0.18048593,0.0001756932,0.0027417778,0.0012288849,0.48404604,0.0026564163,0.30401215,0.015550195,0.008859489,0.00024338074
497,5,5,0.9787328839302063,0.016234988,2.9218156e-05,0.00027112063,9.1002e-05,0.9787329,0.00016935646,0.0028985057,0.00045898472,0.0011020346,1.1947161e-05
499,5,5,0.9790194630622864,0.00011854215,0.0001814874,0.0109802885,0.00011786207,0.97901946,0.0003520578,0.00089138263,0.003926013,0.004388466,2.4327968e-05
500,5,5,0.9919288158416748,0.0028369478,6.209256e-05,0.0005688809,8.2890205e-05,0.9919288,0.00015262353,0.00038758435,0.0007517432,0.0031786917,4.9679347e-05
501,5,5,0.8454646468162537,0.14705773,0.00039295206,0.0009578473,6.44812e-05,0.84546465,0.0007056395,0.0011792998,0.00047072335,0.0036166036,9.015162e-05
507,5,5,0.9870470762252808,0.00046606883,2.506001e-05,0.0021816245,0.0017898851,0.9870471,0.00068427855,0.0043918816,0.00043155425,0.0028995282,8.307442e-05
508,5,5,0.9351216554641724,0.05219018,0.00013822256,0.00040815267,0.00034609713,0.93512166,0.0023811578,0.007704916,0.00091078423,0.00074802054,5.0806775e-05
509,5,5,0.9918587803840637,0.00085319276,4.005194e-05,0.0010637778,0.0007425197,0.9918588,0.00012702662,0.001486596,0.00045727647,0.003322081,4.8780385e-05
516,5,5,0.988114595413208,0.0044307876,4.040837e-05,0.00079441315,0.0005816057,0.9881146,9.5072086e-05,0.0006415968,0.00023636568,0.005002466,6.2685824e-05
518,5,1,0.8482389450073242,0.84823895,0.0027542987,0.0007514905,0.00020766153,0.05553564,0.078740306,0.008139945,0.0049831425,0.000441671,0.00020700705
522,5,5,0.9815213084220886,0.000388627,4.0244533e-05,0.003633593,0.001325268,0.9815213,0.00024914098,0.0021172795,0.00068001536,0.009940737,0.000103943916
530,3,6,0.9604271650314331,0.013385658,0.01786939,0.0026092988,0.0002733553,0.00062374474,0.96042717,0.002483943,0.0013245004,0.00018488386,0.0008180308
531,3,5,0.42432987689971924,0.00059924135,0.0073105367,0.3693522,0.0010276596,0.42432988,0.014959206,0.03802504,0.11882595,0.023419255,0.002151154
532,6,6,0.8816731572151184,0.0055213957,0.020601986,0.005489285,0.0062515154,0.0035129513,0.88167316,0.01827736,0.048031617,0.0047859703,0.005854766
533,3,6,0.5269669890403748,0.09738287,0.12906602,0.15413944,2.2245998e-05,0.0003819506,0.526967,0.000454927,0.00019632764,0.000163777,0.0912255
535,6,1,0.7307077050209045,0.7307077,0.045397364,0.010129591,0.001150331,0.002927206,0.06902148,0.011101953,0.012308539,0.0013624565,0.11589329
536,3,1,0.47358936071395874,0.47358936,0.021991676,0.11388538,2.2787537e-05,0.06881977,0.29976287,0.0004099432,0.0006716137,0.0007278169,0.020118777
537,6,5,0.47051802277565,0.0017987197,0.007591368,0.23361479,0.06792172,0.47051802,0.093148,0.06390424,0.010070953,0.005870021,0.04556211
539,3,5,0.7183297872543335,0.047824055,0.0012296523,0.004140125,0.0008469835,0.7183298,0.0015536244,0.0034237825,0.20594327,0.014709154,0.001999535
54,3,4,0.4911480247974396,0.05247898,0.0023712388,0.057254285,0.49114802,0.10122474,0.004021157,0.004205834,0.010790475,0.22617319,0.05033209
540,3,1,0.8994557857513428,0.8994558,0.0028623748,0.0024110992,0.00025118503,0.08040524,0.0033959756,0.001359683,0.0015492907,0.006887464,0.001421785
541,6,6,0.892429769039154,0.0016808533,0.05573924,0.04545602,1.3656503e-05,0.0003171956,0.89242977,0.00060498744,0.00018333344,0.00026093543,0.0033139433
542,6,6,0.653119683265686,0.0018939517,0.025401836,0.2732288,6.141895e-05,0.0007497475,0.6531197,0.005038982,0.0006042314,0.00013998627,0.03976135
543,3,3,0.6093103885650635,0.06313442,0.096799344,0.6093104,8.014949e-05,0.024270907,0.10367524,0.0006934683,0.00057925144,0.0011209508,0.100335784
545,5,5,0.8867260813713074,0.022735175,0.000778415,0.0029568572,0.0072806766,0.8867261,0.0024608094,0.010976648,0.05965012,0.004524187,0.0019110132
547,3,1,0.6675402522087097,0.66754025,0.0007720547,0.004129074,0.00032315787,0.30756623,0.0009838925,0.0038730751,0.0015740711,0.011725487,0.0015126828
548,3,1,0.5356274247169495,0.5356274,0.014987269,0.07326996,0.00047081837,0.0020337899,0.028631475,0.00038557668,0.0014028265,0.00093439175,0.34225634
549,2,5,0.7455581426620483,0.17096767,0.002425908,0.0056158067,0.0032270402,0.74555814,0.0069309724,0.02632085,0.029447813,0.0070236423,0.0024820778
550,6,1,0.9514247179031372,0.9514247,0.019208124,0.00039460586,1.19120195e-05,0.0021581496,0.024601849,0.00034007322,0.00090994517,0.00012343847,0.0008273179
552,3,5,0.9246019124984741,0.0022199068,0.0057903356,0.05075647,0.00058173906,0.9246019,0.0060681324,0.00082472153,0.003955448,0.0014088985,0.0037925974
553,6,6,0.8570241332054138,0.03436081,0.07722388,0.014663646,9.975158e-05,0.00029819712,0.85702413,0.00068105647,0.00049127295,0.00017385923,0.014983386
554,2,7,0.3753815293312073,0.10180612,0.23990537,0.04925894,0.00077611435,0.0055547142,0.19610979,0.37538153,0.018122807,0.0035716412,0.009512945
557,2,1,0.7228347063064575,0.7228347,0.026918007,0.0021546788,0.0006412323,0.020264393,0.021333927,0.17820185,0.020935152,0.005697397,0.0010185677
559,2,5,0.9012311100959778,0.088704474,0.00071530143,0.0013669974,5.777893e-05,0.9012311,0.0047275224,0.0012578222,0.00096439186,0.0008549961,0.00011949213
56,2,3,0.709200918674469,0.0002103785,0.036283355,0.7092009,8.5983535e-05,0.098869294,0.11595761,0.0033454192,0.016593387,0.015198705,0.0042550126
562,2,6,0.7237034440040588,0.049113147,0.2113818,0.01316828,3.2597832e-06,0.0006191034,0.72370344,0.00033933352,0.00011659141,0.00019341797,0.0013616424
563,2,2,0.6789266467094421,0.15096226,0.67892665,0.010178598,0.00011476226,0.00080716197,0.14362782,0.009048311,0.000995215,0.0004663269,0.004872807
564,2,1,0.5053533911705017,0.5053534,0.033183213,0.00330786,0.0012917647,0.1373129,0.28683183,0.007844185,0.015258065,0.007272589,0.0023442109
566,2,1,0.8433620929718018,0.8433621,0.0525534,0.0004432367,0.00041859984,0.0048219706,0.04441782,0.038853638,0.0136018945,0.00074979593,0.00077745033
567,2,1,0.7966440916061401,0.7966441,0.15189563,0.00041929792,9.3633265e-05,0.0060983617,0.03810106,0.0030042646,0.002617555,0.0004132602,0.0007126858
568,2,2,0.6943429112434387,0.018413149,0.6943429,0.0041350815,1.35173605e-05,0.000373219,0.28029105,0.00060640863,0.00015844239,0.00011849054,0.0015477777
569,2,6,0.2850063443183899,0.21616432,0.27311245,0.053281825,0.00043806245,0.07824089,0.28500634,0.004378964,0.018029394,0.045086216,0.026261467
571,5,4,0.56831294298172,0.00044853936,0.002923122,0.051787134,0.56831294,0.2077337,0.019019114,0.08603969,0.054688167,0.005341021,0.0037065935
572,5,5,0.7078647613525391,0.0029864653,0.00024246205,0.00446516,0.20966128,0.70786476,0.005595795,0.051845394,0.0042080865,0.0113788145,0.0017517973
573,5,5,0.8894430994987488,0.09744341,0.00012810202,0.00068343134,0.00083803426,0.8894431,0.0005260045,0.005392132,0.00069723325,0.0047006393,0.00014792154
574,2,1,0.5788167715072632,0.5788168,0.014330471,0.015214302,0.009581969,0.011347897,0.0041056606,0.0008254913,0.006964655,0.0074978424,0.35131493
575,5,5,0.6329090595245361,0.039285652,0.0001692312,0.002293082,0.0016153292,0.63290906,0.06989408,0.24170439,0.010208868,0.0017268934,0.00019341394
576,5,1,0.8259772658348083,0.82597727,0.00051768275,0.0009200186,0.0004007387,0.14083126,0.004596679,0.020890867,0.003714766,0.0017152921,0.00043542564
577,2,2,0.9361549019813538,0.0156159345,0.9361549,0.0013658284,2.0615134e-05,0.0013635632,0.042548507,0.0012862877,0.00046858616,0.00037834933,0.00079732755
579,2,1,0.9086739420890808,0.90867394,0.025981033,0.00038467508,9.742717e-05,0.0019739545,0.055693462,0.002411055,0.003336733,0.00031988337,0.0011278993
581,2,1,0.9915406107902527,0.9915406,0.00087273296,0.00030521624,4.3255768e-05,0.003379261,0.001266519,0.00033135014,0.0013592859,0.00023502094,0.00066690374
587,3,10,0.6847361326217651,0.009911222,0.012385897,0.2104076,0.00053083163,0.0016274047,0.01376474,0.0021830832,0.061516885,0.0029361965,0.68473613
588,3,5,0.5892720818519592,0.001821996,0.014985458,0.25163665,0.00082440657,0.5892721,0.103544295,0.0125323925,0.011733741,0.005776866,0.007872141
589,2,2,0.36833682656288147,0.061641835,0.36833683,0.023175646,0.0035322686,0.056296553,0.07590106,0.008086314,0.12986378,0.23999293,0.033172783
590,6,6,0.5223420262336731,0.008575396,0.21626516,0.13454755,7.811829e-05,0.00014325163,0.522342,0.0012377673,0.00015067692,0.00016607466,0.11649402
591,3,5,0.7819762229919434,0.1343292,0.0033796045,0.012907857,0.000112303416,0.7819762,0.06316987,0.001178651,0.0008293546,0.0013264207,0.0007904645
592,2,2,0.45612815022468567,0.0068466933,0.45612815,0.07773984,7.884731e-06,0.0019236603,0.4491909,0.0002763004,0.0005714631,0.00037570795,0.006939292
593,2,10,0.790706992149353,0.008802897,0.036806934,0.10558055,0.00054727827,0.00019132708,0.056543496,0.000357549,0.00030131167,0.00016166425,0.790707
594,2,6,0.9253773093223572,0.0054289703,0.06160473,0.0030964878,6.704705e-05,0.0015381678,0.9253773,0.0004906462,0.001238412,0.00044679857,0.0007114984
598,2,2,0.7331918478012085,0.008137913,0.73319185,0.0017263462,0.00015826056,0.0006783412,0.2512386,0.0012379222,0.0011121156,0.0005834902,0.0019350043
6,2,2,0.4626595079898834,0.02393539,0.4626595,0.3947529,3.3203357e-06,0.00055293064,0.057594445,0.000230577,0.0001076481,0.0001694519,0.05999396
600,2,1,0.5186247825622559,0.5186248,0.12438205,0.14099652,1.2663633e-06,0.0011784083,0.1851463,0.00013841169,0.00013727287,6.9547474e-05,0.029325517
601,2,2,0.8089618682861328,0.13843423,0.80896187,0.0016189794,4.5146066e-05,0.005854349,0.03883121,0.001881873,0.0019565565,0.0010183725,0.0013974988
603,2,1,0.5971159338951111,0.59711593,0.08030052,0.0036760413,1.9575882e-05,0.011170788,0.3041244,0.00069358107,0.0013633939,0.0009041224,0.00063156994
604,2,2,0.9683780670166016,0.00945564,0.96837807,0.0013704735,1.3061575e-05,0.0019239377,0.016396493,0.00084405334,0.00041778368,0.00033638332,0.0008641066
605,6,3,0.9159663915634155,0.0005599876,0.005455734,0.9159664,1.112682e-05,0.0025984375,0.07287005,0.0005806541,0.00016587319,0.00045472622,0.0013370686
606,2,9,0.5137844085693359,0.02486691,0.19887039,0.06692003,0.017039575,0.02174296,0.0202907,0.004410981,0.044401374,0.5137844,0.08767272
607,2,2,0.7083399295806885,0.09623006,0.7083399,0.04593558,0.00082642946,0.0031726689,0.033700254,0.011431073,0.0046137897,0.0047339713,0.0910162
608,2,9,0.8584221005439758,0.02049365,0.02695415,0.016195936,0.009035819,0.03408878,0.002557351,0.001916068,0.013954628,0.8584221,0.016381448
611,6,6,0.9328278303146362,0.013323985,0.01394448,0.013549279,0.00013608465,0.019139672,0.93282783,0.0010988122,0.0036972403,0.0012185288,0.0010641266
613,2,1,0.5367742776870728,0.5367743,0.17433552,0.0042338725,0.00038093948,0.020279622,0.15527749,0.089695565,0.0135508785,0.0045116493,0.000960123
614,2,6,0.5046035051345825,0.4033207,0.009664909,0.030570189,1.9176912e-05,0.048333637,0.5046035,0.0006231654,0.00088917796,0.00088426436,0.001091255
619,2,1,0.6888773441314697,0.68887734,0.09302053,0.0050986013,0.0018880855,0.11106314,0.008828921,0.012294944,0.024061384,0.039655577,0.0152113745
620,2,2,0.8237248659133911,0.062645964,0.82372487,0.010471553,4.9591967e-05,0.032618638,0.05950895,0.0018655485,0.0042507756,0.0033568952,0.0015072407
621,2,1,0.7098917961120605,0.7098918,0.02978859,0.0064610126,0.0003558778,0.20963325,0.016009906,0.0013294327,0.008043714,0.010862359,0.007624097
623,2,2,0.960806131362915,0.015769875,0.96080613,0.0010440173,4.599991e-06,0.003990005,0.016959922,0.00040020607,0.00039110534,0.00019269256,0.0004414722
625,2,1,0.9735966324806213,0.97359663,0.0053493935,0.0029028284,4.6602785e-05,0.001511095,0.003680026,0.00015908835,0.0007800629,0.00043050395,0.011543699
626,2,6,0.5181108117103577,0.004520176,0.17557313,0.26953194,3.5359637e-06,0.023555297,0.5181108,0.0002787708,0.0043495656,0.0019659135,0.0021108056
627,2,2,0.9169095158576965,0.012534005,0.9169095,0.0045010843,0.00018581738,0.006779804,0.03352916,0.002093431,0.005309748,0.013322124,0.0048353826
629,2,1,0.9414428472518921,0.94144285,0.03384522,0.00033656647,0.00014870502,0.0020091007,0.004973369,0.009117869,0.0061172666,0.0008894244,0.0011194985
630,2,2,0.5801892876625061,0.23442248,0.5801893,0.005842158,1.085359e-05,0.037253592,0.13834114,0.00054518867,0.0016784946,0.0007570458,0.0009596546
631,2,2,0.9195908308029175,0.019972792,0.91959083,0.0072610048,8.869548e-05,0.0006233259,0.036940023,0.006413848,0.00088461017,0.00042907655,0.007795647
632,2,2,0.9151549935340881,0.016230306,0.915155,0.0018327832,1.0178099e-05,0.007404587,0.056981098,0.0004671545,0.000628944,0.00071936974,0.0005706816
634,2,2,0.9298268556594849,0.017345825,0.92982686,0.013889688,4.812269e-06,0.006141298,0.02915242,0.00026879986,0.00048320595,0.00023411002,0.0026530593
636,2,2,0.9167179465293884,0.009059864,0.91671795,0.013299533,0.00011069133,0.012234205,0.02412884,0.0012957596,0.004331165,0.009052829,0.009769138
637,2,2,0.9409967660903931,0.0027183054,0.94099677,0.0018216254,4.9732785e-06,0.00082967547,0.052469634,0.00018154348,0.00014729978,0.00014042354,0.0006897563
638,3,2,0.32636600732803345,0.1439881,0.326366,0.09106999,3.46981e-05,0.19565213,0.22856554,0.0013273967,0.002395842,0.00441832,0.006182005
64,2,3,0.8564124703407288,5.0373066e-05,0.0048543043,0.8564125,7.852121e-06,0.12190067,0.003800298,0.00011171065,0.004649023,0.008026134,0.00018720365
640,8,5,0.58704674243927,0.0004564975,0.0007936642,0.022712741,5.0166476e-05,0.58704674,0.0011332982,0.0013775864,0.37973166,0.006520225,0.00017738318
641,8,5,0.9375370144844055,0.0037137016,0.003039322,0.029799806,0.0029589084,0.937537,0.0018976127,0.0023653589,0.009462189,0.0026487124,0.006577331
642,8,5,0.8325519561767578,0.07065908,0.00040043786,0.0024478103,0.00074849895,0.83255196,0.0012790179,0.003168285,0.07880196,0.0074046296,0.0025383325
643,8,8,0.8649840950965881,0.010018309,0.0006331905,0.00836923,0.0012672623,0.07999147,0.0009307883,0.004559652,0.8649841,0.023654362,0.005591701
644,8,8,0.6357824206352234,0.1253499,0.00064108544,0.0042142426,0.0010505914,0.04360555,0.0021563128,0.17528448,0.6357824,0.0070023695,0.0049130907
646,8,8,0.9656332731246948,0.006040966,6.451149e-05,0.0022957616,0.0006544686,0.015667886,0.0003714177,0.0045556137,0.9656333,0.0020750035,0.0026410185
647,8,8,0.8366599082946777,0.0017046217,0.0002605391,0.010841354,0.00072277273,0.13797987,0.0007384194,0.004628996,0.8366599,0.0054664384,0.0009971771
648,8,5,0.8970208764076233,0.043396056,0.0010013238,0.0016465578,0.00035895855,0.8970209,0.0010850925,0.001357362,0.048505254,0.004942046,0.0006865276
649,8,8,0.5939682126045227,0.0021803011,0.00097123167,0.024843028,0.0012299592,0.30192542,0.0008612291,0.010732556,0.5939682,0.062248968,0.001039127
650,8,8,0.819867730140686,0.0044704275,0.00045112378,0.010025155,0.0017379472,0.13789527,0.0006895006,0.004102172,0.81986773,0.018033873,0.002726825
651,8,8,0.48027417063713074,0.08797366,0.006379459,0.011623783,0.0070403134,0.22650626,0.01300649,0.1036812,0.48027417,0.05284384,0.010670835
652,8,8,0.959648072719574,0.0023675722,9.032252e-05,0.004561948,0.00032129424,0.02652444,0.00023359922,0.0022166534,0.9596481,0.0024238839,0.0016121945
653,8,5,0.6697188019752502,0.05659762,0.00038381162,0.0050246324,0.0025014395,0.6697188,0.0009061851,0.010678331,0.1180797,0.12916337,0.0069462103
654,8,8,0.9368201494216919,0.022560135,0.0002001815,0.0032214958,0.0011757446,0.019983264,0.0005397005,0.0050840024,0.93682015,0.0028831786,0.00753206
655,8,8,0.7141069173812866,0.0071721533,0.0002734714,0.00670865,0.0008589053,0.25415614,0.00070807064,0.0046873065,0.7141069,0.009759776,0.0015686465
656,8,5,0.5642098784446716,0.007263945,0.0007810619,0.007969088,0.00045826845,0.5642099,0.00082405994,0.0018734683,0.40472224,0.0108296005,0.001068429
657,8,5,0.6646342277526855,0.006742494,0.0007087092,0.008115397,0.0006483652,0.6646342,0.0007076293,0.0026299378,0.30402327,0.010798433,0.0009916293
658,8,5,0.4846803545951843,0.0072283233,0.0001497972,0.0030279495,0.008363495,0.48468035,0.013690274,0.28679723,0.1880829,0.0064205057,0.0015593232
659,8,5,0.9856936931610107,0.0009090283,0.000110412446,0.0024913624,0.0013978934,0.9856937,0.0007590379,0.0042906017,0.0022925418,0.0018939336,0.00016139825
66,2,1,0.4221576154232025,0.42215762,0.12176978,0.25035226,9.637174e-05,0.09010076,0.03062947,0.0012123546,0.00678636,0.003461895,0.07343314
661,8,5,0.5807650685310364,0.0012331028,0.0034136076,0.04020811,0.021612165,0.58076507,0.0031281407,0.026760109,0.27979714,0.039873753,0.0032088296
662,8,8,0.8375813364982605,0.015806701,0.00013565161,0.0040378943,0.00086819887,0.10576957,0.0005510414,0.008702676,0.83758134,0.021500448,0.005046495
663,8,1,0.944981038570404,0.94498104,0.0007494999,0.0007586834,0.0019166493,0.013592266,0.0012614077,0.012087914,0.017272027,0.0040903166,0.0032900784
664,8,8,0.4790307283401489,0.0005985155,0.00028732096,0.013698932,0.007757189,0.031115243,0.0175364,0.44725955,0.47903073,0.0012273228,0.0014888286
665,8,8,0.6955691576004028,0.19427091,0.0003170018,0.0026052145,0.0042992025,0.069607414,0.00087084353,0.009918232,0.69556916,0.0076063573,0.014935642
666,8,8,0.9600326418876648,0.0014187123,7.496117e-05,0.006457444,0.00033456538,0.022125596,0.00024088168,0.0050986046,0.96003264,0.0028369823,0.0013796646
667,8,5,0.8067470788955688,0.0017100518,0.0008426949,0.015348222,0.0010166315,0.8067471,0.00057880575,0.0022535936,0.07213322,0.09853413,0.0008356702
668,8,8,0.9489135146141052,0.015495581,0.00033825552,0.0070545645,0.0007269368,0.011398936,0.00090182107,0.0014650718,0.9489135,0.0016409778,0.0120642595
669,8,9,0.49563831090927124,0.0022679728,0.012193381,0.071906865,0.0014048964,0.20844214,0.0027214119,0.009528519,0.19307542,0.4956383,0.0028210739
67,2,3,0.6319125890731812,0.00094987726,0.02689333,0.6319126,2.337423e-05,0.23813285,0.085680485,0.00094377634,0.0018835528,0.009116931,0.004463189
670,8,4,0.747559666633606,0.014625595,0.0011417674,0.004153046,0.74755967,0.14882477,0.004101785,0.019059142,0.04057557,0.012224654,0.0077339774
671,8,5,0.7552945017814636,0.018977221,0.0010215859,0.0069038616,0.0033662475,0.7552945,0.0012505087,0.0045009903,0.17200547,0.034160774,0.0025187924
672,8,8,0.5748493075370789,0.0012981085,0.00023026974,0.029174592,0.0021565373,0.15937686,0.039639547,0.18820219,0.5748493,0.0036252765,0.0014472714
673,8,5,0.737414538860321,0.0014544541,0.0009726322,0.015696175,0.00088272995,0.73741454,0.00069065194,0.0023054425,0.2090301,0.03094425,0.00060905545
674,8,5,0.8707247972488403,0.0067981663,0.0006508326,0.004516212,0.00012625512,0.8707248,0.00081016746,0.00084294996,0.112226166,0.0028708691,0.00043361294
675,8,5,0.8008404970169067,0.11400554,0.00029718672,0.0020172342,0.00080278347,0.8008405,0.0015019103,0.004128956,0.06565983,0.006417994,0.0043280455
676,8,5,0.9354892373085022,0.00041302844,0.00024508612,0.008952173,0.0012310212,0.93548924,0.00037370957,0.002671843,0.033973888,0.0163852,0.00026477518
677,8,5,0.8038479685783386,0.0015286194,0.00041280538,0.011890683,0.00107917,0.80384797,0.00030673493,0.0022345413,0.048219573,0.13000311,0.00047670718
678,8,5,0.9316367506980896,0.04486692,0.0013365872,0.0043686507,0.001372815,0.93163675,0.0036574341,0.0053661247,0.0025950144,0.004002111,0.00079757586
679,8,8,0.9300519227981567,0.00084747747,9.698439e-05,0.008626555,0.0002525757,0.0403921,0.0015845501,0.014119063,0.9300519,0.0032530813,0.00077566213
68,2,1,0.46992728114128113,0.46992728,0.4618696,0.0050479,0.00021865321,0.008746206,0.024958257,0.009211583,0.0065351073,0.0096826125,0.0038028297
680,8,5,0.6504343748092651,0.17113979,0.0005447209,0.0020133688,0.0027027703,0.6504344,0.00037975897,0.002852618,0.0032099313,0.16454738,0.0021752648
681,8,5,0.8670560121536255,0.123229854,0.00031959184,0.0014950903,0.00010752625,0.867056,0.00173847,0.0012408855,0.0009164545,0.0036184466,0.000277774
682,8,8,0.8749352693557739,0.012925705,5.5767116e-05,0.002479476,0.0008190277,0.0870657,0.00051651854,0.014472244,0.87493527,0.0047433362,0.0019869478
683,8,5,0.5430179238319397,0.0035620066,0.000524749,0.008390285,0.0003476844,0.5430179,0.00074991403,0.0021039452,0.41640258,0.02408164,0.0008191923
684,8,8,0.7698670029640198,0.0004131648,2.6454236e-05,0.009347851,0.00039893386,0.1119572,0.0024565558,0.10384115,0.769867,0.0013675211,0.00032417924
685,8,6,0.437965989112854,0.30690524,0.003555879,0.04155319,5.202914e-05,0.17860992,0.437966,0.019605944,0.005859006,0.0014651209,0.0044277203
686,8,8,0.9264922142028809,0.0012059531,0.0018516293,0.0154963555,0.0075347167,0.018413002,0.00072738994,0.0013367812,0.9264922,0.02422951,0.0027124034
687,8,5,0.9175800085067749,0.063404016,0.00026001927,0.0016709322,0.00016926943,0.91758,0.0062030517,0.0027537586,0.0026183142,0.0051403726,0.00020028737
688,8,5,0.9645087122917175,0.0011292746,0.00010666581,0.0016459738,7.7916186e-05,0.9645087,0.00010106739,0.0004576049,0.0010531328,0.030885713,3.4061566e-05
689,8,5,0.6063218116760254,0.004672561,0.0014058575,0.01109285,0.0022011686,0.6063218,0.0006377099,0.0027819355,0.105321944,0.2632841,0.002280195
69,2,2,0.837037205696106,0.00038609165,0.8370372,0.061002992,0.00019515613,0.0018822697,0.0688396,0.001045156,0.004366303,0.004655527,0.02058967
690,8,5,0.8076056241989136,0.00839315,0.0005909817,0.0046623647,0.0005948845,0.8076056,0.0003775212,0.0014577542,0.11747146,0.05794248,0.0009038178
691,8,8,0.589836061000824,0.0016891689,0.00043680097,0.012054321,0.00013241715,0.38538474,0.0011802892,0.0034810086,0.58983606,0.005347683,0.00045760768
692,8,8,0.9071260094642639,0.0045146155,0.0002745455,0.005884514,0.0006271935,0.066781774,0.00040281637,0.002145509,0.907126,0.009821358,0.0024216466
693,8,5,0.7641215920448303,0.013282431,0.003992373,0.0154994,0.0009301593,0.7641216,0.0013571387,0.0008768369,0.021407021,0.17619646,0.0023365957
694,8,5,0.7958746552467346,0.009100128,0.00033309715,0.0018683213,0.0006784154,0.79587466,0.00011492837,0.0006241267,0.00233839,0.1886612,0.00040685732
695,8,5,0.9003570079803467,0.042464156,0.0006444933,0.0041987747,0.024316369,0.900357,0.0023812146,0.0025074095,0.0059387046,0.0118876705,0.005304265
696,8,5,0.8429576754570007,0.0091640465,0.00090376096,0.004539992,0.0002700365,0.8429577,0.0008683737,0.00062540796,0.005441687,0.1346099,0.0006190863
697,8,7,0.759607195854187,0.0016479793,5.132475e-05,0.0012365693,0.00022034613,0.004415972,0.0006543794,0.7596072,0.23109302,0.0008332018,0.00024006463
698,8,5,0.9927064776420593,0.0007834048,0.00013877338,0.002025543,0.00019423092,0.9927065,0.0005237322,0.0005096356,0.001757538,0.0012801965,8.038184e-05
699,8,5,0.9637916088104248,0.006947043,0.00022894249,0.00092576985,0.00018798579,0.9637916,0.00022132318,0.0007964881,0.0042214477,0.02254177,0.00013777765
70,2,3,0.7847930788993835,0.00024515347,0.17417584,0.7847931,3.7731777e-05,0.0051701954,0.008757367,0.00019742303,0.008828114,0.004710409,0.013084743
700,8,8,0.9726544618606567,0.00052102894,0.00010481315,0.0063888356,0.00065195916,0.011316962,0.00041615288,0.0042406544,0.97265446,0.003001377,0.0007037826
701,8,5,0.9149388074874878,0.00033176236,0.00032352094,0.0056815394,0.00016066956,0.9149388,0.00014419011,0.00072643324,0.0017689699,0.07587601,4.8123293e-05
702,8,5,0.9204156994819641,0.00039483843,0.00012411688,0.056705963,0.0005936037,0.9204157,0.009556521,0.0049628294,0.0025829761,0.0043356162,0.0003277503
703,8,4,0.5627366900444031,0.0073490087,0.00060670736,0.0053523486,0.5627367,0.36491734,0.0012185735,0.012417052,0.01846848,0.022246698,0.004687049
704,8,5,0.9491352438926697,0.004108613,0.00041937834,0.0021058347,0.00016415483,0.94913524,0.00028211958,0.00063097576,0.02559527,0.017298847,0.0002595691
705,8,5,0.9448919296264648,0.04317991,0.0002096952,0.0006898241,0.0002646307,0.9448919,0.00054355536,0.00071731996,0.006370476,0.002875479,0.00025719704
706,8,7,0.6210837364196777,0.15038754,0.0011318036,0.0039657876,0.00057671027,0.01845608,0.0034541327,0.62108374,0.19152845,0.005142742,0.0042729345
707,8,5,0.8000984191894531,0.007428662,0.0007267391,0.009299768,0.0006630724,0.8000984,0.0011667587,0.0049238647,0.14301594,0.031117357,0.0015594385
708,8,8,0.5560792088508606,0.14989789,0.0011896722,0.0040231086,0.0059041143,0.22854888,0.0022691425,0.010568559,0.5560792,0.032916985,0.0086024655
709,8,5,0.9813236594200134,0.000714947,0.00021035726,0.0021420254,0.00013459515,0.98132366,0.00016372302,0.0006064756,0.0026818046,0.011965765,5.661608e-05
71,3,3,0.6776244044303894,0.00020032458,0.009136808,0.6776244,0.00025432272,0.2217093,0.0045397677,0.0010571087,0.067399085,0.015365151,0.0027137448
710,8,8,0.7241615056991577,0.0116910525,0.0060611987,0.071959734,0.007773595,0.02998167,0.001625681,0.02486364,0.7241615,0.1152745,0.0066074515
711,8,5,0.6095993518829346,0.032703344,0.00088660273,0.0050325245,0.0013115786,0.60959935,0.0008108991,0.002926745,0.32085976,0.023536751,0.002332342
712,8,8,0.8557363748550415,0.0051526777,0.00017579227,0.005174187,0.0004976112,0.12282041,0.00059836014,0.0034326522,0.8557364,0.004827152,0.0015847264
713,8,5,0.5401776432991028,0.059698354,0.002196287,0.007928641,0.0029084617,0.54017764,0.0015170235,0.003911461,0.2545979,0.12021892,0.006845346
714,8,5,0.8034026026725769,0.010374887,0.00015176878,0.002456503,0.00039912367,0.8034026,0.00032292138,0.0017463065,0.17144611,0.009184075,0.00051568
715,8,8,0.9557608962059021,0.0065273084,0.00010441666,0.003613075,0.0008466106,0.02172443,0.00038461864,0.0053428374,0.9557609,0.003077439,0.0026184411
716,8,8,0.9217426180839539,0.009165008,0.00046903832,0.006021526,0.0037563383,0.02795535,0.00051169324,0.0019846046,0.9217426,0.020091925,0.00830194
717,8,8,0.901750385761261,0.0037100557,0.0005556855,0.011573206,0.00085344457,0.05552522,0.00065032917,0.005501814,0.9017504,0.016540887,0.0033389626
718,8,5,0.6094362735748291,0.0014504578,0.0033618412,0.01967388,0.0011204005,0.6094363,0.0005701884,0.0030160248,0.030178433,0.33054894,0.00064362667
719,8,8,0.9649955630302429,0.0009661718,3.7675334e-05,0.0050164675,0.00041539676,0.019204592,0.000195399,0.0061272252,0.96499556,0.002032051,0.0010095311
720,8,5,0.5135416388511658,0.15035518,0.0004365811,0.0018070019,0.0039322195,0.51354164,0.0026287711,0.02754448,0.29129934,0.0062267086,0.002228162
721,8,7,0.4137706756591797,0.02920132,0.0022283255,0.006332457,0.01612259,0.2721187,0.01624753,0.41377068,0.22951727,0.010800991,0.0036601352
722,8,5,0.9494574069976807,0.0007152602,8.174319e-05,0.0042930595,0.030475417,0.9494574,0.0004209667,0.0057627056,0.0019190259,0.006242423,0.0006319708
74,2,5,0.9389274716377258,0.00041511143,0.00069729623,0.024118297,0.0001820757,0.9389275,0.0035535817,0.0014497008,0.0025173973,0.027902512,0.00023651231
76,3,8,0.9498259425163269,0.00075226923,0.0010581522,0.029914731,0.0011309043,0.003986931,0.0012002614,0.0015959064,0.94982594,0.0044774227,0.006057606
8,2,1,0.6888799071311951,0.6888799,0.013101527,0.00812733,6.2402673e-06,0.012787948,0.27447185,0.00034182172,0.00070827716,0.00019648761,0.0013784438
86,3,10,0.9652332663536072,0.0071884776,0.0058153137,0.017914362,0.0009137833,3.527568e-05,0.0024781297,0.00017993573,0.00022443842,1.702651e-05,0.96523327
91,3,5,0.4757353961467743,0.0027330793,0.0018561486,0.01703894,0.29128426,0.4757354,0.0054882066,0.023482947,0.16030492,0.016745841,0.005330403
96,3,5,0.5288950204849243,0.0073481603,0.0069213724,0.09334498,0.23470181,0.528895,0.008131008,0.007964533,0.005228673,0.012117091,0.09534727
